<?xml version="1.0" encoding="UTF-8" standalone="yes"?>
<groupHaul xmlns:a="http://www.appian.com/ae/types/2009">
    <versionUuid>04cea89a-2cab-4faa-9c63-e80759e50865</versionUuid>
    <group>
        <name>JA Administrators</name>
        <securityMap>SECURITYMAP_TEAM</securityMap>
        <uuid>04cea89a-2cab-4faa-9c63-e80759e50865</uuid>
        <groupTypeUuid>SYSTEM_GROUP_TYPE_CUSTOM</groupTypeUuid>
        <description>Assigns Administrator permissions to users for objects in the application</description>
        <delegatedCreation>false</delegatedCreation>
        <memberPolicy>MEMBERPOLICY_CLOSED</memberPolicy>
        <viewingPolicy>VIEWINGPOLICY_LOW</viewingPolicy>
        <attributes>
            <attribute>
                <name>Department</name>
                <type>TYPE_STRING</type>
                <value xmlns:xsi="http://www.w3.org/2001/XMLSchema-instance" xmlns:xsd="http://www.w3.org/2001/XMLSchema" xsi:type="xsd:string">Financiero</value>
            </attribute>
        </attributes>
    </group>
    <members>
        <users/>
        <groups/>
    </members>
    <admins>
        <users/>
        <groups>
            <groupUuid>04cea89a-2cab-4faa-9c63-e80759e50865</groupUuid>
        </groups>
    </admins>
    <ruleSet/>
    <history>
        <historyInfo versionUuid="04cea89a-2cab-4faa-9c63-e80759e50865"/>
    </history>
</groupHaul>
