<?xml version="1.0" encoding="UTF-8"?>
<siteHaul xmlns:a="http://www.appian.com/ae/types/2009" xmlns:xsi="http://www.w3.org/2001/XMLSchema-instance">
  <versionUuid>6cbcbd0a-bd22-4987-a61a-96c9bb826a95</versionUuid>
  <site a:uuid="755c6890-a38b-41f6-9467-b200e040171a" name="JA Main Site">
    <description>The main site for explain issues</description>
    <urlStub>issues-site</urlStub>
    <page a:uuid="b449377a-c5d4-3488-975f-a5d6b02d2de3">
      <staticName>Main Site Issues</staticName>
      <description/>
      <urlStub>main-site-issues</urlStub>
      <uiObject a:uuid="_a-0000e961-e3c5-8000-9be9-011c48011c48_3622776" xsi:type="a:ContentFreeformRule"/>
      <iconId>f015</iconId>
      <visibilityExpr>fn!true()</visibilityExpr>
      <pageWidth>WIDE</pageWidth>
    </page>
    <page a:uuid="2d549e10-acbb-3edc-b858-4bbbd0209c45">
      <staticName>Insert New Issue</staticName>
      <description/>
      <urlStub>insert-new-issue</urlStub>
      <uiObject a:uuid="_a-0000e961-e3c5-8000-9be9-011c48011c48_3670892" xsi:type="a:ContentFreeformRule"/>
      <iconId>f067</iconId>
      <visibilityExpr>fn!true()</visibilityExpr>
      <pageWidth>WIDE</pageWidth>
    </page>
    <page a:uuid="db181254-b306-34e7-85ed-5ac8b0e5936c">
      <staticName>Report Issues</staticName>
      <description/>
      <urlStub>report-issues</urlStub>
      <uiObject a:uuid="_a-0000e961-e3c5-8000-9be9-011c48011c48_3670552" xsi:type="a:ContentFreeformRule"/>
      <iconId>f1ea</iconId>
      <visibilityExpr>#"urn:appian:function:v1:a:isusermemberofgroup?okey=a!isUserMemberOfGroup"(
  username: loggedInUser(),
  groups: #"_a-0001ea40-64f1-8000-9bf3-011c48011c48_4485740"
)</visibilityExpr>
      <pageWidth>WIDE</pageWidth>
    </page>
    <page a:uuid="bd809eed-1327-48d8-9d09-81ca461537bb">
      <staticName>Back Office Tasks</staticName>
      <description/>
      <urlStub>backofficetasks</urlStub>
      <uiObject a:uuid="0002ea87-5d0e-8000-4737-7f0000014e7a" xsi:type="a:ProcessModel"/>
      <iconId>f510</iconId>
      <visibilityExpr>#"urn:appian:function:v1:a:isusermemberofgroup?okey=a!isUserMemberOfGroup"(
  username: loggedInUser(),
  groups: #"_a-0001ea40-64f1-8000-9bf3-011c48011c48_4432540"
)</visibilityExpr>
      <pageWidth>WIDE</pageWidth>
    </page>
    <visibility>268435456</visibility>
    <faviconRef a:uuid="SYSTEM_CONTENT_SITES_DEFAULT_FAVICON" xsi:type="a:CollaborationDocument"/>
    <logoRef a:uuid="SYSTEM_CONTENT_SITES_DEFAULT_LOGO" xsi:type="a:CollaborationDocument"/>
    <showName>false</showName>
    <tempoLinkVisibility>HIDDEN</tempoLinkVisibility>
    <showRecordNews>true</showRecordNews>
    <tasksInSitesVisibility>HIDDEN</tasksInSitesVisibility>
    <buttonShape>SQUARED</buttonShape>
    <navigationBarStyle>STYLE1</navigationBarStyle>
    <inputShape>SQUARED</inputShape>
    <isSystem>false</isSystem>
    <displayName>JA Issues Site</displayName>
    <isStaticDisplayName>true</isStaticDisplayName>
  </site>
  <roleMap>
    <role name="site_administrator">
      <users/>
      <groups>
        <groupUuid>04cea89a-2cab-4faa-9c63-e80759e50865</groupUuid>
      </groups>
    </role>
    <role name="site_viewer">
      <users/>
      <groups>
        <groupUuid>95e56ef1-8b8d-474a-9f7e-07bb686597af</groupUuid>
      </groups>
    </role>
  </roleMap>
  <history>
    <historyInfo versionUuid="6cbcbd0a-bd22-4987-a61a-96c9bb826a95"/>
  </history>
</siteHaul>
