<?xml version="1.0" encoding="UTF-8" standalone="yes"?>
<connectedSystemHaul xmlns:a="http://www.appian.com/ae/types/2009">
    <versionUuid>_a-0000e9d9-6375-8000-9bed-011c48011c48_3725443</versionUuid>
    <connectedSystem>
        <name>JA MongoDB</name>
        <uuid>_a-0000e9d9-6375-8000-9bed-011c48011c48_3725419</uuid>
        <description>Mongo DB connection to have a back up DB.
apiKey: QYYXvuM43KaB1OtT4JGmU5nuUJjt25jb8smecAWTaL9sR4ZxNaQJNGWpPpkODKSC</description>
        <visibility>
            <advertise>false</advertise>
            <hierarchy>true</hierarchy>
            <indexable>true</indexable>
            <quota>false</quota>
            <searchable>true</searchable>
            <system>false</system>
            <unlogged>false</unlogged>
        </visibility>
        <sharedConfigParameters>
            <a:Dictionary xmlns:xsd="http://www.w3.org/2001/XMLSchema" xmlns:xsi="http://www.w3.org/2001/XMLSchema-instance">
                <configurationDescriptor xsi:type="xsd:string"/>
                <url xsi:type="xsd:string"/>
                <isInheritedUrlOptionSelected xsi:type="xsd:boolean">false</isInheritedUrlOptionSelected>
                <baseUrl xsi:type="xsd:string">https://data.mongodb-api.com/app/data-gpxux/endpoint</baseUrl>
                <authType xsi:type="xsd:string">API Key</authType>
                <authDetails xsi:type="a:Dictionary">
                    <apiKeyName xsi:type="xsd:string">api-key</apiKeyName>
                    <apiKeyValue xsi:type="a:EncryptedText"/>
                    <sendAsHeader xsi:type="xsd:boolean">true</sendAsHeader>
                </authDetails>
            </a:Dictionary>
        </sharedConfigParameters>
        <logoChoice></logoChoice>
        <integrationType>system.http</integrationType>
    </connectedSystem>
    <roleMap public="true">
        <role inherit="false" allowForAll="false" name="readers">
            <users/>
            <groups>
                <groupUuid>95e56ef1-8b8d-474a-9f7e-07bb686597af</groupUuid>
            </groups>
        </role>
        <role inherit="false" allowForAll="false" name="authors">
            <users/>
            <groups/>
        </role>
        <role inherit="false" allowForAll="false" name="administrators">
            <users/>
            <groups>
                <groupUuid>04cea89a-2cab-4faa-9c63-e80759e50865</groupUuid>
            </groups>
        </role>
        <role inherit="false" allowForAll="false" name="denyReaders">
            <users/>
            <groups/>
        </role>
        <role inherit="false" allowForAll="false" name="denyAuthors">
            <users/>
            <groups/>
        </role>
        <role inherit="false" allowForAll="false" name="denyAdministrators">
            <users/>
            <groups/>
        </role>
    </roleMap>
    <history>
        <historyInfo versionUuid="_a-0000e9d9-6375-8000-9bed-011c48011c48_3725443"/>
    </history>
</connectedSystemHaul>
