<?xml version="1.0" encoding="UTF-8" standalone="yes"?>
<contentHaul xmlns:a="http://www.appian.com/ae/types/2009">
    <versionUuid>_a-0001ea40-64f1-8000-9bf3-011c48011c48_4503999</versionUuid>
    <interface>
        <name>JA_AddNewIssue</name>
        <uuid>_a-0000e961-e3c5-8000-9be9-011c48011c48_3621818</uuid>
        <description>Adds new Issue </description>
        <parentUuid>_a-0000e961-e3c5-8000-9be9-011c48011c48_3605530</parentUuid>
        <visibility>
            <advertise>false</advertise>
            <hierarchy>true</hierarchy>
            <indexable>true</indexable>
            <quota>false</quota>
            <searchable>true</searchable>
            <system>false</system>
            <unlogged>false</unlogged>
        </visibility>
        <definition>a!localVariables(
  local!numPrio: enumerate(count(#"_a-0000e961-e3c5-8000-9be9-011c48011c48_3621866")),
  local!filter: #"_a-0000e961-e3c5-8000-9be9-011c48011c48_3622380"(resolution: false),
  {
    #"SYSTEM_SYSRULES_sectionLayout_v1"(
      label: "New Issue",
      contents: {
        #"SYSTEM_SYSRULES_columnsLayout"(
          columns: {
            #"SYSTEM_SYSRULES_columnLayout"(
              contents: {
                #"SYSTEM_SYSRULES_textField"(
                  label: "Issue Name",
                  labelPosition: "ABOVE",
                  value: ri!JA_issue.IssueName,
                  saveInto: ri!JA_issue.IssueName,
                  refreshAfter: "UNFOCUS",
                  required: if(ri!test = true, false, true)
                ),
                #"SYSTEM_SYSRULES_dropdownField_v1"(
                  label: "Issue Type",
                  labelPosition: "ABOVE",
                  placeholder: "--- Select a Value ---",
                  choiceLabels: #"_a-0000e961-e3c5-8000-9be9-011c48011c48_3621825",
                  choiceValues: #"_a-0000e961-e3c5-8000-9be9-011c48011c48_3621825",
                  value: ri!JA_issue.IssueType,
                  saveInto: ri!JA_issue.IssueType,
                  searchDisplay: "AUTO",
                  required: if(ri!test = true, false, true)
                ),
                #"SYSTEM_SYSRULES_pickerFieldCustom"(
                  label: "Related Issue",
                  labelPosition: "ABOVE",
                  maxSelections: 1,
                  suggestFunction: #"_a-0000e961-e3c5-8000-9be9-011c48011c48_3621986"(
                    filter: _,
                    labels: local!filter.IssueName,
                    identifiers: local!filter.Issueid
                  ),
                  selectedLabels: index(
                    local!filter.IssueName,
                    wherecontains(
                      ri!JA_issue.RelatedKey,
                      tointeger(local!filter.Issueid)
                    )
                  ),
                  value: ri!JA_issue.RelatedKey,
                  saveInto: ri!JA_issue.RelatedKey
                ),
                /*change to paragraph*/
                #"SYSTEM_SYSRULES_paragraphField"(
                  label: "Description",
                  value: ri!JA_issue.Summary,
                  saveInto: ri!JA_issue.Summary,
                  characterLimit: 255,
                  showCharacterCount: true,
                  required: if(ri!test = true, false, true)
                )
              }
            ),
            /*issueKey, key associated with other issue, to open subissues, change to picker*/
            #"SYSTEM_SYSRULES_columnLayout"(
              contents: {
                #"SYSTEM_SYSRULES_dateField"(
                  label: "Due Date",
                  value: ri!JA_issue.Duedate,
                  saveInto: ri!JA_issue.Duedate,
                  required: if(ri!test = true, false, true),
                  validations: if(
                    ri!JA_issue.Duedate &lt; todate(now()),
                    "Today or before",
                    null
                  )
                ),
                #"SYSTEM_SYSRULES_pickerFieldUsers"(
                  label: "Assignee",
                  labelPosition: "ABOVE",
                  maxSelections: 1,
                  groupFilter: #"_a-0000e961-e3c5-8000-9be9-011c48011c48_3621908",
                  value: ri!JA_issue.Assignee,
                  saveInto: ri!JA_issue.Assignee,
                  required: if(ri!test = true, false, true)
                ),
                #"SYSTEM_SYSRULES_pickerFieldUsers"(
                  label: "Reporter",
                  labelPosition: "ABOVE",
                  maxSelections: 1,
                  groupFilter: #"_a-0001ea40-64f1-8000-9bf3-011c48011c48_4485740",
                  value: ri!JA_issue.Reporter,
                  saveInto: ri!JA_issue.Reporter,
                  required: if(ri!test = true, false, true)
                ),
                #"SYSTEM_SYSRULES_dropdownField_v1"(
                  label: "Priority",
                  labelPosition: "ABOVE",
                  placeholder: "--- Select a Value ---",
                  choiceLabels: #"_a-0000e961-e3c5-8000-9be9-011c48011c48_3621866",
                  choiceValues: #"_a-0000e961-e3c5-8000-9be9-011c48011c48_3621866",
                  value: ri!JA_issue.Priority,
                  saveInto: {
                    ri!JA_issue.Priority,
                    a!save(
                      ri!JA_issue.PriorityNumber,
                      index(
                        local!numPrio,
                        wherecontains(
                          ri!JA_issue.Priority,
                          #"_a-0000e961-e3c5-8000-9be9-011c48011c48_3621866"
                        )
                      )
                    )
                  },
                  required: if(ri!test = true, false, true)
                )
              }
            )
          }
        ),
        #"SYSTEM_SYSRULES_ButtonLayout"(
          primaryButtons: {
            #"SYSTEM_SYSRULES_ButtonWidget"(
              label: "Submit",
              saveInto: /*when is a new insert*/
              #"SYSTEM_SYSRULES_startProcess"(
                processModel: #"_a-0000e961-e3c5-8000-9be9-011c48011c48_3622469",
                processParameters: {
                  newInsert: true,
                  issueToInsert: #"urn:appian:function:v1:a:update"(
                    data: ri!JA_issue,
                    index: {
                      "Created",
                      "Updated",
                      "Resolution",
                      "Status"
                    },
                    value: {
                      now(),
                      now(),
                      false,
                      #"_a-0000e961-e3c5-8000-9be9-011c48011c48_3621831"[2]
                    }
                  )
                },
                onSuccess: {
                  a!save(
                    ri!insertedIssue,
                    index(
                      index(fv!processInfo, "pv", null),
                      "StoredValues",
                      null
                    )
                  ),
                  a!save(
                    ri!nextInterface,
                    #"_a-0001ea40-64f1-8000-9bf3-011c48011c48_4492264"[3]
                  ),
                  a!save(ri!JA_issue, null)
                },
                onError: a!save(
                  ri!nextInterface,
                  #"_a-0001ea40-64f1-8000-9bf3-011c48011c48_4492264"[1]
                )
              ),
              submit: true,
              style: "PRIMARY"
            )
          }
        )
      }
    )
  }
)</definition>
        <namedTypedValue>
            <name>JA_issue</name>
            <type>
                <name>JA_issue</name>
                <namespace>urn:com:appian:types:IP</namespace>
            </type>
        </namedTypedValue>
        <namedTypedValue>
            <name>nextInterface</name>
            <type>
                <name>string</name>
                <namespace>http://www.w3.org/2001/XMLSchema</namespace>
            </type>
            <value/>
        </namedTypedValue>
        <namedTypedValue>
            <name>test</name>
            <type>
                <name>boolean</name>
                <namespace>http://www.w3.org/2001/XMLSchema</namespace>
            </type>
        </namedTypedValue>
        <namedTypedValue>
            <name>insertedIssue</name>
            <type>
                <name>JA_issue</name>
                <namespace>urn:com:appian:types:IP</namespace>
            </type>
        </namedTypedValue>
        <preferredEditor>interface</preferredEditor>
        <offlineEnabled>false</offlineEnabled>
        <isCustom>false</isCustom>
    </interface>
    <roleMap public="true">
        <role inherit="true" allowForAll="false" name="readers">
            <users/>
            <groups/>
        </role>
        <role inherit="true" allowForAll="false" name="authors">
            <users/>
            <groups/>
        </role>
        <role inherit="true" allowForAll="false" name="administrators">
            <users/>
            <groups/>
        </role>
        <role inherit="false" allowForAll="false" name="denyReaders">
            <users/>
            <groups/>
        </role>
        <role inherit="false" allowForAll="false" name="denyAuthors">
            <users/>
            <groups/>
        </role>
        <role inherit="false" allowForAll="false" name="denyAdministrators">
            <users/>
            <groups/>
        </role>
    </roleMap>
    <typedValue>
        <type>
            <name>RuleTestConfig?list</name>
            <namespace>http://www.appian.com/ae/types/2009</namespace>
        </type>
        <value>
            <el>
                <a:name/>
                <a:ruleInputTestConfigs>
                    <a:value xmlns:xsi="http://www.w3.org/2001/XMLSchema-instance" xsi:type="a:Expression">'type!{urn:com:appian:types:IP}JA_issue'()</a:value>
                    <a:nameRef>JA_issue</a:nameRef>
                    <a:id>1</a:id>
                </a:ruleInputTestConfigs>
                <a:ruleInputTestConfigs>
                    <a:value xmlns:xsd="http://www.w3.org/2001/XMLSchema" xmlns:xsi="http://www.w3.org/2001/XMLSchema-instance" xsi:type="xsd:string"/>
                    <a:nameRef>nextInterface</a:nameRef>
                    <a:id>2</a:id>
                </a:ruleInputTestConfigs>
                <a:ruleInputTestConfigs>
                    <a:value xmlns:xsd="http://www.w3.org/2001/XMLSchema" xmlns:xsi="http://www.w3.org/2001/XMLSchema-instance" xsi:nil="true" xsi:type="xsd:boolean"/>
                    <a:nameRef>test</a:nameRef>
                    <a:id>3</a:id>
                </a:ruleInputTestConfigs>
                <a:ruleInputTestConfigs>
                    <a:value xmlns:xsi="http://www.w3.org/2001/XMLSchema-instance" xsi:type="a:Expression">null</a:value>
                    <a:nameRef>insertedIssue</a:nameRef>
                    <a:id>4</a:id>
                </a:ruleInputTestConfigs>
                <a:assertions xmlns:xsi="http://www.w3.org/2001/XMLSchema-instance" xsi:nil="true"/>
            </el>
        </value>
    </typedValue>
    <history>
        <historyInfo versionUuid="_a-0000e9d9-6375-8000-9bed-011c48011c48_3725598"/>
        <historyInfo versionUuid="_a-0001ea40-64f1-8000-9bf3-011c48011c48_4503999"/>
    </history>
</contentHaul>
