<?xml version="1.0" encoding="UTF-8" standalone="yes"?>
<contentHaul xmlns:a="http://www.appian.com/ae/types/2009">
    <versionUuid>_a-0001ea40-64f1-8000-9bf3-011c48011c48_4492595</versionUuid>
    <interface>
        <name>JA_successAndDetailNavigate</name>
        <uuid>_a-0000e961-e3c5-8000-9be9-011c48011c48_3670952</uuid>
        <description>the success of a new issue</description>
        <parentUuid>_a-0000e961-e3c5-8000-9be9-011c48011c48_3605549</parentUuid>
        <visibility>
            <advertise>false</advertise>
            <hierarchy>true</hierarchy>
            <indexable>true</indexable>
            <quota>false</quota>
            <searchable>true</searchable>
            <system>false</system>
            <unlogged>false</unlogged>
        </visibility>
        <definition>{
  #"SYSTEM_SYSRULES_sectionLayout_v1"(
    label: "",
    contents: {
      #"SYSTEM_SYSRULES_linkField"(
        links: #"SYSTEM_SYSRULES_dynamicLink"(
          label: "↰ Insert new Issue",
          saveInto: a!save(
            ri!nextInterface,
            #"_a-0001ea40-64f1-8000-9bf3-011c48011c48_4492264"[2]
          )
        )
      ),
      #"SYSTEM_SYSRULES_cardLayout"(
        contents: {
          #"SYSTEM_SYSRULES_richTextDisplayField"(
            labelPosition: "COLLAPSED",
            value: {
              #"SYSTEM_SYSRULES_richTextItem_v1"(
                text: {
                  #"SYSTEM_SYSRULES_richTextIcon"(icon: "check-circle", size: "LARGE")
                },
                color: "POSITIVE"
              ),
              #"SYSTEM_SYSRULES_richTextItem_v1"(
                text: {
                  concat(
                    "Success Insertion: ",
                    ri!ja_issue.Issueid,
                    " - ",
                    ri!ja_issue.IssueName
                  )
                },
                link: #"SYSTEM_SYSRULES_safeLink"(
                  uri: #"_a-0000e9d9-6375-8000-9bed-011c48011c48_3725615",
                  openLinkIn: "SAME_TAB"
                ),
                color: "STANDARD",
                size: "LARGE"
              )
            },
            preventWrapping: false,
            align: "CENTER"
          )
        },
        height: "AUTO",
        style: "SUCCESS",
        marginBelow: "STANDARD",
        decorativeBarPosition: "NONE",
        decorativeBarColor: "POSITIVE"
      ),
      #"_a-0000e961-e3c5-8000-9be9-011c48011c48_3622836"(
        JA_issue: ri!ja_issue,
        readOnly: true,
        newInsert: true
      )
    }
  )
}</definition>
        <namedTypedValue>
            <name>ja_issue</name>
            <type>
                <name>JA_issue</name>
                <namespace>urn:com:appian:types:IP</namespace>
            </type>
        </namedTypedValue>
        <namedTypedValue>
            <name>nextInterface</name>
            <type>
                <name>string</name>
                <namespace>http://www.w3.org/2001/XMLSchema</namespace>
            </type>
            <value/>
        </namedTypedValue>
        <preferredEditor>interface</preferredEditor>
        <offlineEnabled>false</offlineEnabled>
        <isCustom>false</isCustom>
    </interface>
    <roleMap public="true">
        <role inherit="true" allowForAll="false" name="readers">
            <users/>
            <groups/>
        </role>
        <role inherit="true" allowForAll="false" name="authors">
            <users/>
            <groups/>
        </role>
        <role inherit="true" allowForAll="false" name="administrators">
            <users/>
            <groups/>
        </role>
        <role inherit="false" allowForAll="false" name="denyReaders">
            <users/>
            <groups/>
        </role>
        <role inherit="false" allowForAll="false" name="denyAuthors">
            <users/>
            <groups/>
        </role>
        <role inherit="false" allowForAll="false" name="denyAdministrators">
            <users/>
            <groups/>
        </role>
    </roleMap>
    <typedValue>
        <type>
            <name>RuleTestConfig?list</name>
            <namespace>http://www.appian.com/ae/types/2009</namespace>
        </type>
        <value>
            <el>
                <a:name/>
                <a:ruleInputTestConfigs>
                    <a:value xmlns:xsi="http://www.w3.org/2001/XMLSchema-instance" xsi:type="a:Expression">#"_a-0000e961-e3c5-8000-9be9-011c48011c48_3622380"(id: 38)</a:value>
                    <a:nameRef>ja_issue</a:nameRef>
                    <a:id>1</a:id>
                </a:ruleInputTestConfigs>
                <a:ruleInputTestConfigs>
                    <a:value xmlns:xsd="http://www.w3.org/2001/XMLSchema" xmlns:xsi="http://www.w3.org/2001/XMLSchema-instance" xsi:type="xsd:string"/>
                    <a:nameRef>nextInterface</a:nameRef>
                    <a:id>2</a:id>
                </a:ruleInputTestConfigs>
                <a:assertions xmlns:xsi="http://www.w3.org/2001/XMLSchema-instance" xsi:nil="true"/>
            </el>
        </value>
    </typedValue>
    <history>
        <historyInfo versionUuid="_a-0000e9d9-6375-8000-9bed-011c48011c48_3725639"/>
        <historyInfo versionUuid="_a-0001ea40-64f1-8000-9bf3-011c48011c48_4492595"/>
    </history>
</contentHaul>
