<?xml version="1.0" encoding="UTF-8" standalone="yes"?>
<contentHaul xmlns:a="http://www.appian.com/ae/types/2009">
    <versionUuid>_a-0001ea40-64f1-8000-9bf3-011c48011c48_4491488</versionUuid>
    <rule>
        <name>JA_PriorityIcons</name>
        <uuid>_a-0000e961-e3c5-8000-9be9-011c48011c48_3625027</uuid>
        <description>Gives the icons related with the piority of the issues</description>
        <parentUuid>_a-0000e961-e3c5-8000-9be9-011c48011c48_3605530</parentUuid>
        <visibility>
            <advertise>false</advertise>
            <hierarchy>true</hierarchy>
            <indexable>true</indexable>
            <quota>false</quota>
            <searchable>true</searchable>
            <system>false</system>
            <unlogged>false</unlogged>
        </visibility>
        <definition>a!localVariables(
  local!circles: #"14ea7cc5-0122-4938-aa44-7147834f2f66"(priority: ri!priority),
  local!color: index(
    local!circles,
    "colour",
    /*white colour*/"#ffffff"
  ),
  #"SYSTEM_SYSRULES_richTextDisplayField"(
    labelPosition: "COLLAPSED",
    value: {
      #"SYSTEM_SYSRULES_forEach"(
        items: enumerate(count(#"_a-0000e961-e3c5-8000-9be9-011c48011c48_3621866")),
        expression: #"SYSTEM_SYSRULES_richTextIcon"(
          icon: if(
            fv!index &lt;= local!circles.fill,
            "circle-large",
            "circle-o-large"
          ),
          color: local!color
        )
      )
    }
  )
)</definition>
        <namedTypedValue>
            <name>priority</name>
            <type>
                <name>string</name>
                <namespace>http://www.w3.org/2001/XMLSchema</namespace>
            </type>
            <value/>
        </namedTypedValue>
        <preferredEditor>legacy</preferredEditor>
        <offlineEnabled>false</offlineEnabled>
    </rule>
    <roleMap public="true">
        <role inherit="true" allowForAll="false" name="readers">
            <users/>
            <groups/>
        </role>
        <role inherit="true" allowForAll="false" name="authors">
            <users/>
            <groups/>
        </role>
        <role inherit="true" allowForAll="false" name="administrators">
            <users/>
            <groups/>
        </role>
        <role inherit="false" allowForAll="false" name="denyReaders">
            <users/>
            <groups/>
        </role>
        <role inherit="false" allowForAll="false" name="denyAuthors">
            <users/>
            <groups/>
        </role>
        <role inherit="false" allowForAll="false" name="denyAdministrators">
            <users/>
            <groups/>
        </role>
    </roleMap>
    <history>
        <historyInfo versionUuid="_a-0000e961-e3c5-8000-9be9-011c48011c48_3625318"/>
        <historyInfo versionUuid="_a-0001ea40-64f1-8000-9bf3-011c48011c48_4491488"/>
    </history>
</contentHaul>
