<?xml version="1.0" encoding="UTF-8" standalone="yes"?>
<contentHaul xmlns:a="http://www.appian.com/ae/types/2009">
    <versionUuid>_a-0001ea40-64f1-8000-9bf3-011c48011c48_4458477</versionUuid>
    <interface>
        <name>JA_DeleteIssues</name>
        <uuid>_a-0001ea40-64f1-8000-9bf3-011c48011c48_4447992</uuid>
        <description>Shows all the issues and allows you to delete them, up to a thousand registers</description>
        <parentUuid>_a-0000e961-e3c5-8000-9be9-011c48011c48_3605549</parentUuid>
        <visibility>
            <advertise>false</advertise>
            <hierarchy>true</hierarchy>
            <indexable>true</indexable>
            <quota>false</quota>
            <searchable>true</searchable>
            <system>false</system>
            <unlogged>false</unlogged>
        </visibility>
        <definition>a!localVariables(
  local!selection,
  local!query: a!refreshVariable(
    value: #"_a-0000e961-e3c5-8000-9be9-011c48011c48_3622380"(name: null),
    refreshAlways: true
  ),
  {
    #"SYSTEM_SYSRULES_gridField_v1"(
      label: "",
      labelPosition: "ABOVE",
      data: local!query,
      columns: {
        #"SYSTEM_SYSRULES_gridColumn"(
          label: "Issue Name",
          sortField: "IssueName",
          value: #"SYSTEM_SYSRULES_recordActionField"(
            actions: #"SYSTEM_SYSRULES_recordActionItem"(
              action: #"urn:appian:record-action:v1:f312bb20-e112-4c35-973a-97fa598c1661/943317c9-6684-4068-9d7d-490bd4ea2ca3",
              identifier: fv!row.Issueid
            ),
            style: "LINKS",
            display: "LABEL"
          )
        ),
        #"SYSTEM_SYSRULES_gridColumn"(
          label: "Issue Type",
          sortField: "IssueType",
          value: fv!row.IssueType
        ),
        #"SYSTEM_SYSRULES_gridColumn"(
          label: "Assignee",
          sortField: "Assignee",
          value: fv!row.Assignee
        ),
        #"SYSTEM_SYSRULES_gridColumn"(
          label: "Reporter",
          sortField: "Reporter",
          value: fv!row.Reporter
        ),
        #"SYSTEM_SYSRULES_gridColumn"(
          label: "Priority",
          sortField: "PriorityNumber",
          value: #"_a-0000e961-e3c5-8000-9be9-011c48011c48_3625027"(priority: fv!row.Priority)
        ),
        #"SYSTEM_SYSRULES_gridColumn"(
          label: "Status",
          sortField: "Status",
          value: fv!row.Status
        ),
        #"SYSTEM_SYSRULES_gridColumn"(
          label: "Resolution",
          sortField: "Resolution",
          value: #"SYSTEM_SYSRULES_richTextDisplayField"(
            label: "Resolution",
            labelPosition: "ADJACENT",
            value: #"SYSTEM_SYSRULES_richTextIcon"(
              icon: if(fv!row.Resolution, "check", "times"),
              color: if(
                fv!row.Resolution,
                "POSITIVE",
                "NEGATIVE"
              )
            )
          )
        ),
        #"SYSTEM_SYSRULES_gridColumn"(
          label: "Created",
          sortField: "Created",
          value: if(
            a!isNotNullOrEmpty(fv!row.Created),
            datetext(fv!row.Created, "dd/MM/yyyy HH:mm"),
            fv!row.Created
          )
        ),
        #"SYSTEM_SYSRULES_gridColumn"(
          label: "Updated",
          sortField: "Updated",
          value: if(
            a!isNotNullOrEmpty(fv!row.Created),
            datetext(fv!row.Created, "dd/MM/yyyy HH:mm"),
            fv!row.Updated
          )
        ),
        #"SYSTEM_SYSRULES_gridColumn"(
          label: "Duedate",
          sortField: "Duedate",
          value: if(
            a!isNotNullOrEmpty(fv!row.Duedate),
            datetext(fv!row.Duedate, "dd/MM/yyyy"),
            fv!row.Duedate
          )
        )
      },
      pageSize: 15,
      initialSorts: #"SYSTEM_SYSRULES_sortInfo"(field: "Updated", ascending: false),
      selectable: true,
      selectionValue: local!selection,
      selectionSaveInto: local!selection
    ),
    #"SYSTEM_SYSRULES_ButtonLayout"(
      primaryButtons: #"SYSTEM_SYSRULES_ButtonWidget"(
        label: "Confirm",
        submit: true,
        style: "DESTRUCTIVE",
        disabled: a!isNullOrEmpty(local!selection),
        saveInto: {
          a!save(
            ri!issuesToDelete,
            index(
              index(local!query, local!selection, null),
              "IssueId",
              null
            )
          ),
          a!save(
            ri!nameIssuesToDelete,
            index(
              index(local!query, local!selection, null),
              "IssueName",
              null
            )
          )
        }
      )
    )
  }
)</definition>
        <namedTypedValue>
            <name>issuesToDelete</name>
            <type>
                <name>Integer?list</name>
                <namespace>http://www.appian.com/ae/types/2009</namespace>
            </type>
        </namedTypedValue>
        <namedTypedValue>
            <name>nameIssuesToDelete</name>
            <type>
                <name>Text?list</name>
                <namespace>http://www.appian.com/ae/types/2009</namespace>
            </type>
        </namedTypedValue>
        <preferredEditor>interface</preferredEditor>
        <offlineEnabled>false</offlineEnabled>
        <isCustom>false</isCustom>
    </interface>
    <roleMap public="true">
        <role inherit="true" allowForAll="false" name="readers">
            <users/>
            <groups/>
        </role>
        <role inherit="true" allowForAll="false" name="authors">
            <users/>
            <groups/>
        </role>
        <role inherit="true" allowForAll="false" name="administrators">
            <users/>
            <groups/>
        </role>
        <role inherit="false" allowForAll="false" name="denyReaders">
            <users/>
            <groups/>
        </role>
        <role inherit="false" allowForAll="false" name="denyAuthors">
            <users/>
            <groups/>
        </role>
        <role inherit="false" allowForAll="false" name="denyAdministrators">
            <users/>
            <groups/>
        </role>
    </roleMap>
    <history>
        <historyInfo versionUuid="_a-0001ea40-64f1-8000-9bf3-011c48011c48_4458477"/>
    </history>
</contentHaul>
