<?xml version="1.0" encoding="UTF-8" standalone="yes"?>
<contentHaul xmlns:a="http://www.appian.com/ae/types/2009">
    <versionUuid>_a-0001ea40-64f1-8000-9bf3-011c48011c48_4516476</versionUuid>
    <interface>
        <name>JA_IssueDetails</name>
        <uuid>_a-0000e961-e3c5-8000-9be9-011c48011c48_3622836</uuid>
        <description>Details of an issue selected by the grid interface</description>
        <parentUuid>_a-0000e961-e3c5-8000-9be9-011c48011c48_3605549</parentUuid>
        <visibility>
            <advertise>false</advertise>
            <hierarchy>true</hierarchy>
            <indexable>true</indexable>
            <quota>false</quota>
            <searchable>true</searchable>
            <system>false</system>
            <unlogged>false</unlogged>
        </visibility>
        <definition>a!localVariables(
  local!success,
  local!JA_issue: ri!JA_issue,
  local!relatedIssue: ri!relatedIssue,
  local!prevIssue,
  /*initial the timer at start an action*/
  local!initialTime: a!refreshVariable(
    value: if(
      a!isNullOrEmpty(ri!initialTime),
      datetext(now(), "mm:ss"),
      datetext(ri!initialTime, "mm:ss")
    ),
    refreshAlways: false
  ),
  {
    #"SYSTEM_SYSRULES_sectionLayout_v1"(
      contents: {
        /*update button*/
        #"SYSTEM_SYSRULES_ButtonLayout"(
          primaryButtons: /*update data, calling a PM synchronous*/
          {
            #"SYSTEM_SYSRULES_ButtonWidget"(
              label: "Update Issue",
              icon: "pencil-square-o-alt",
              value: false,
              saveInto: ri!readOnly,
              style: "NORMAL",
              showWhen: ri!readOnly
            ),
            #"SYSTEM_SYSRULES_ButtonWidget"(
              label: "Update Data",
              saveInto: #"SYSTEM_SYSRULES_startProcess"(
                processModel: #"_a-0000e961-e3c5-8000-9be9-011c48011c48_3622469",
                processParameters: { issueToInsert: local!JA_issue },
                onSuccess: { a!save(ri!success, true) },
                onError: {
                  a!save(ri!success, false),
                  a!save(
                    ri!nextInterface,
                    #"_a-0000e961-e3c5-8000-9be9-011c48011c48_3622849"[3]
                  )
                }
              ),
              submit: true,
              style: "PRIMARY",
              showWhen: not(ri!readOnly)
            )
          },
          showWhen: and(
            ri!newInsert &lt;&gt; true,
            or(
              ri!JA_issue.Resolution = false,
              #"urn:appian:function:v1:a:isusermemberofgroup?okey=a!isUserMemberOfGroup"(
                loggedInUser(),
                #"_a-0001ea40-64f1-8000-9bf3-011c48011c48_4432540"
              )
            )
          )
        ),
        /*details of the data*/
        #"SYSTEM_SYSRULES_columnsLayout"(
          columns: {
            #"SYSTEM_SYSRULES_columnLayout"(
              contents: {
                #"SYSTEM_SYSRULES_textField"(
                  label: "Issue Name",
                  labelPosition: "ADJACENT",
                  value: local!JA_issue.IssueName,
                  saveInto: local!JA_issue.IssueName,
                  readOnly: ri!readOnly = true
                ),
                #"SYSTEM_SYSRULES_linkField"(
                  label: "Related Issue",
                  labelPosition: "ADJACENT",
                  links: #"SYSTEM_SYSRULES_dynamicLink"(
                    label: local!relatedIssue.IssueName,
                    saveInto: {
                      a!save(local!prevIssue, local!JA_issue),
                      a!save(local!JA_issue, local!relatedIssue),
                      a!save(local!relatedIssue, null),
                      a!save(
                        local!initialTime,
                        datetext(now(), "mm:ss")
                      )
                    }
                  ),
                  showWhen: a!isNotNullOrEmpty(local!relatedIssue.IssueName)
                ),
                #"SYSTEM_SYSRULES_dropdownField_v1"(
                  label: "Issue Type",
                  labelPosition: "ADJACENT",
                  placeholder: "--- Select a Value ---",
                  choiceLabels: #"_a-0000e961-e3c5-8000-9be9-011c48011c48_3621825",
                  choiceValues: #"_a-0000e961-e3c5-8000-9be9-011c48011c48_3621825",
                  value: local!JA_issue.IssueType,
                  saveInto: local!JA_issue.IssueType,
                  searchDisplay: "AUTO",
                  disabled: ri!readOnly = true
                ),
                #"SYSTEM_SYSRULES_dropdownField_v1"(
                  label: "Status",
                  labelPosition: "ADJACENT",
                  placeholder: "---",
                  choiceLabels: if(
                    local!JA_issue.Resolution = true,
                    #"_a-0000e961-e3c5-8000-9be9-011c48011c48_3621831"[6],
                    #"a4396c2d-a578-42dd-bd45-c7d9d80e79e0"(Status: local!JA_issue.Status)
                  ),
                  choiceValues: if(
                    local!JA_issue.Resolution = true,
                    #"_a-0000e961-e3c5-8000-9be9-011c48011c48_3621831"[6],
                    #"a4396c2d-a578-42dd-bd45-c7d9d80e79e0"(Status: local!JA_issue.Status)
                  ),
                  value: if(
                    local!JA_issue.Resolution = true,
                    #"_a-0000e961-e3c5-8000-9be9-011c48011c48_3621831"[6],
                    local!JA_issue.Status
                  ),
                  saveInto: local!JA_issue.Status,
                  disabled: ri!readOnly = true
                ),
                #"SYSTEM_SYSRULES_richTextDisplayField"(
                  label: "Resolution",
                  labelPosition: "ADJACENT",
                  value: #"SYSTEM_SYSRULES_richTextIcon"(
                    icon: if(
                      local!JA_issue.Resolution,
                      "check",
                      "times"
                    ),
                    link: #"SYSTEM_SYSRULES_dynamicLink"(
                      value: not(local!JA_issue.Resolution),
                      saveInto: local!JA_issue.Resolution,
                      showWhen: ri!readOnly = false
                    ),
                    color: if(
                      local!JA_issue.Resolution,
                      "POSITIVE",
                      "NEGATIVE"
                    )
                  )
                ),
                #"SYSTEM_SYSRULES_paragraphField"(
                  label: "Description",
                  labelPosition: "ADJACENT",
                  value: local!JA_issue.Summary,
                  saveInto: local!JA_issue.Summary,
                  readOnly: ri!readOnly = true
                )
              },
              width: "AUTO"
            ),
            #"SYSTEM_SYSRULES_columnLayout"(
              contents: {
                #"SYSTEM_SYSRULES_pickerFieldUsers"(
                  label: "Assignee",
                  labelPosition: "ADJACENT",
                  maxSelections: 1,
                  groupFilter: #"_a-0000e961-e3c5-8000-9be9-011c48011c48_3621908",
                  value: local!JA_issue.Assignee,
                  saveInto: local!JA_issue.Assignee,
                  readOnly: ri!readOnly = true
                ),
                #"SYSTEM_SYSRULES_pickerFieldUsers"(
                  label: "Reporter",
                  labelPosition: "ADJACENT",
                  maxSelections: 1,
                  groupFilter: #"_a-0001ea40-64f1-8000-9bf3-011c48011c48_4485740",
                  value: local!JA_issue.Reporter,
                  saveInto: local!JA_issue.Reporter,
                  readOnly: ri!readOnly = true
                ),
                #"SYSTEM_SYSRULES_dropdownField_v1"(
                  label: "Priority",
                  labelPosition: "ADJACENT",
                  placeholder: "--- Select a Value ---",
                  choiceLabels: #"_a-0000e961-e3c5-8000-9be9-011c48011c48_3621866",
                  choiceValues: #"_a-0000e961-e3c5-8000-9be9-011c48011c48_3621866",
                  value: local!JA_issue.Priority,
                  saveInto: local!JA_issue.Priority,
                  disabled: ri!readOnly = true
                ),
                #"SYSTEM_SYSRULES_textField"(
                  label: "Created",
                  labelPosition: "ADJACENT",
                  value: datetext(
                    local!JA_issue.Created,
                    "dd/MM/yyyy HH:mm"
                  ),
                  readOnly: true
                ),
                #"SYSTEM_SYSRULES_textField"(
                  label: "Updated",
                  labelPosition: "ADJACENT",
                  value: datetext(
                    local!JA_issue.Updated,
                    "dd/MM/yyyy HH:mm"
                  ),
                  readOnly: true
                ),
                #"SYSTEM_SYSRULES_dateField"(
                  label: "Duedate",
                  labelPosition: "ADJACENT",
                  value: local!JA_issue.Duedate,
                  readOnly: ri!readOnly = true
                )
              },
              width: "AUTO"
            )
          },
          alignVertical: "TOP",
          spacing: "SPARSE",
          stackWhen: { "PHONE" }
        ),
        /*chat box*/
        #"SYSTEM_SYSRULES_columnsLayout"(
          columns: {
            #"SYSTEM_SYSRULES_columnLayout"(
              showWhen: or(
                and(
                  index(local!JA_issue, "Reporter", null) = index(ri!JA_issue, "Reporter", null),
                  index(local!JA_issue, "Assignee", null) = index(ri!JA_issue, "Assignee", null)
                ),
                and(
                  index(local!JA_issue, "Reporter", null) = index(ri!relatedIssue, "Reporter", null),
                  index(local!JA_issue, "Assignee", null) = index(ri!relatedIssue, "Assignee", null)
                )
              ),
              contents: {
                #"_a-0000e961-e3c5-8000-9be9-011c48011c48_3634424"(
                  JA_issue: local!JA_issue,
                  nextInterface: ri!nextInterface,
                  success: local!success
                )
              }
            ),
            #"SYSTEM_SYSRULES_columnLayout"()
          }
        )
      },
      marginAbove: "MORE"
    )
  }
)</definition>
        <namedTypedValue>
            <name>JA_issue</name>
            <type>
                <name>JA_issue</name>
                <namespace>urn:com:appian:types:IP</namespace>
            </type>
        </namedTypedValue>
        <namedTypedValue>
            <name>nextInterface</name>
            <type>
                <name>string</name>
                <namespace>http://www.w3.org/2001/XMLSchema</namespace>
            </type>
            <value/>
        </namedTypedValue>
        <namedTypedValue>
            <name>relatedIssue</name>
            <type>
                <name>JA_issue</name>
                <namespace>urn:com:appian:types:IP</namespace>
            </type>
        </namedTypedValue>
        <namedTypedValue>
            <name>success</name>
            <type>
                <name>boolean</name>
                <namespace>http://www.w3.org/2001/XMLSchema</namespace>
            </type>
        </namedTypedValue>
        <namedTypedValue>
            <name>initialTime</name>
            <type>
                <name>dateTime</name>
                <namespace>http://www.w3.org/2001/XMLSchema</namespace>
            </type>
        </namedTypedValue>
        <namedTypedValue>
            <name>readOnly</name>
            <type>
                <name>boolean</name>
                <namespace>http://www.w3.org/2001/XMLSchema</namespace>
            </type>
        </namedTypedValue>
        <namedTypedValue>
            <name>cancel</name>
            <type>
                <name>boolean</name>
                <namespace>http://www.w3.org/2001/XMLSchema</namespace>
            </type>
        </namedTypedValue>
        <namedTypedValue>
            <name>newInsert</name>
            <type>
                <name>boolean</name>
                <namespace>http://www.w3.org/2001/XMLSchema</namespace>
            </type>
        </namedTypedValue>
        <preferredEditor>interface</preferredEditor>
        <offlineEnabled>false</offlineEnabled>
        <isCustom>false</isCustom>
    </interface>
    <roleMap public="true">
        <role inherit="true" allowForAll="false" name="readers">
            <users/>
            <groups/>
        </role>
        <role inherit="true" allowForAll="false" name="authors">
            <users/>
            <groups/>
        </role>
        <role inherit="true" allowForAll="false" name="administrators">
            <users/>
            <groups/>
        </role>
        <role inherit="false" allowForAll="false" name="denyReaders">
            <users/>
            <groups/>
        </role>
        <role inherit="false" allowForAll="false" name="denyAuthors">
            <users/>
            <groups/>
        </role>
        <role inherit="false" allowForAll="false" name="denyAdministrators">
            <users/>
            <groups/>
        </role>
    </roleMap>
    <typedValue>
        <type>
            <name>RuleTestConfig?list</name>
            <namespace>http://www.appian.com/ae/types/2009</namespace>
        </type>
        <value>
            <el>
                <a:name/>
                <a:ruleInputTestConfigs>
                    <a:value xmlns:xsi="http://www.w3.org/2001/XMLSchema-instance" xsi:type="a:Expression">#"_a-0000e961-e3c5-8000-9be9-011c48011c48_3622380"(
  name: "mongoInsert"
)</a:value>
                    <a:nameRef>JA_issue</a:nameRef>
                    <a:id>1</a:id>
                </a:ruleInputTestConfigs>
                <a:ruleInputTestConfigs>
                    <a:value xmlns:xsd="http://www.w3.org/2001/XMLSchema" xmlns:xsi="http://www.w3.org/2001/XMLSchema-instance" xsi:type="xsd:string"/>
                    <a:nameRef>nextInterface</a:nameRef>
                    <a:id>2</a:id>
                </a:ruleInputTestConfigs>
                <a:ruleInputTestConfigs>
                    <a:value xmlns:xsi="http://www.w3.org/2001/XMLSchema-instance" xsi:type="a:Expression">#"_a-0000e961-e3c5-8000-9be9-011c48011c48_3622380"(id: 43)</a:value>
                    <a:nameRef>relatedIssue</a:nameRef>
                    <a:id>3</a:id>
                </a:ruleInputTestConfigs>
                <a:ruleInputTestConfigs>
                    <a:value xmlns:xsd="http://www.w3.org/2001/XMLSchema" xmlns:xsi="http://www.w3.org/2001/XMLSchema-instance" xsi:nil="true" xsi:type="xsd:boolean"/>
                    <a:nameRef>success</a:nameRef>
                    <a:id>4</a:id>
                </a:ruleInputTestConfigs>
                <a:ruleInputTestConfigs>
                    <a:value xmlns:xsd="http://www.w3.org/2001/XMLSchema" xmlns:xsi="http://www.w3.org/2001/XMLSchema-instance" xsi:nil="true" xsi:type="xsd:dateTime"/>
                    <a:nameRef>initialTime</a:nameRef>
                    <a:id>5</a:id>
                </a:ruleInputTestConfigs>
                <a:ruleInputTestConfigs>
                    <a:value xmlns:xsi="http://www.w3.org/2001/XMLSchema-instance" xsi:type="a:Expression">true</a:value>
                    <a:nameRef>readOnly</a:nameRef>
                    <a:id>6</a:id>
                </a:ruleInputTestConfigs>
                <a:ruleInputTestConfigs>
                    <a:value xmlns:xsd="http://www.w3.org/2001/XMLSchema" xmlns:xsi="http://www.w3.org/2001/XMLSchema-instance" xsi:nil="true" xsi:type="xsd:boolean"/>
                    <a:nameRef>cancel</a:nameRef>
                    <a:id>7</a:id>
                </a:ruleInputTestConfigs>
                <a:ruleInputTestConfigs>
                    <a:value xmlns:xsd="http://www.w3.org/2001/XMLSchema" xmlns:xsi="http://www.w3.org/2001/XMLSchema-instance" xsi:nil="true" xsi:type="xsd:boolean"/>
                    <a:nameRef>newInsert</a:nameRef>
                    <a:id>8</a:id>
                </a:ruleInputTestConfigs>
                <a:assertions xmlns:xsi="http://www.w3.org/2001/XMLSchema-instance" xsi:nil="true"/>
            </el>
        </value>
    </typedValue>
    <history>
        <historyInfo versionUuid="_a-0000e9d9-6375-8000-9bed-011c48011c48_3726185"/>
        <historyInfo versionUuid="_a-0001ea40-64f1-8000-9bf3-011c48011c48_4516476"/>
    </history>
</contentHaul>
