<?xml version="1.0" encoding="UTF-8" standalone="yes"?>
<contentHaul xmlns:a="http://www.appian.com/ae/types/2009">
    <versionUuid>_a-0001ea40-64f1-8000-9bf3-011c48011c48_4516523</versionUuid>
    <interface>
        <name>JA_ChatBox</name>
        <uuid>_a-0000e961-e3c5-8000-9be9-011c48011c48_3634424</uuid>
        <description>Chat between Owner and Reported</description>
        <parentUuid>_a-0000e961-e3c5-8000-9be9-011c48011c48_3605549</parentUuid>
        <visibility>
            <advertise>false</advertise>
            <hierarchy>true</hierarchy>
            <indexable>true</indexable>
            <quota>false</quota>
            <searchable>true</searchable>
            <system>false</system>
            <unlogged>false</unlogged>
        </visibility>
        <definition>a!localVariables(
  local!messages: #"_a-0000e961-e3c5-8000-9be9-011c48011c48_3636529"(
    issueId: ri!JA_issue.Issueid,
    numberMessages: ri!numberMessages,
    update: ri!success
  ),
  local!sendMessage: 'type!{urn:com:appian:types:JA}JA_Chat'(
    user: loggedInUser(),
    issueId: ri!JA_issue.Issueid,
    resolution: ri!JA_issue.Resolution
  ),
  {
    #"SYSTEM_SYSRULES_sectionLayout_v1"(
      showWhen: or(
        loggedInUser() = {
          ri!JA_issue.Reporter,
          ri!JA_issue.Assignee
        }
      ),
      label: "",
      contents: {
        #"SYSTEM_SYSRULES_columnsLayout"(
          columns: {
            #"SYSTEM_SYSRULES_columnLayout"(
              contents: {
                #"SYSTEM_SYSRULES_imageField_v1"(
                  images: #"SYSTEM_SYSRULES_documentImage"(document: #"_a-0000e961-e3c5-8000-9be9-011c48011c48_3634799"),
                  size: "SMALL",
                  align: "END"
                )
              }
            ),
            #"SYSTEM_SYSRULES_columnLayout"(
              contents: {
                #"SYSTEM_SYSRULES_richTextDisplayField"(
                  labelPosition: "COLLAPSED",
                  value: {
                    #"SYSTEM_SYSRULES_richTextItem_v1"(text: "Chat", size: "LARGE_PLUS")
                  },
                  align: "LEFT",
                  marginAbove: "MORE"
                )
              }
            )
          }
        ),
        #"SYSTEM_SYSRULES_cardLayout"(
          contents: {
            #"SYSTEM_SYSRULES_forEach"(
              items: local!messages,
              expression: #"_a-0000e961-e3c5-8000-9be9-011c48011c48_3636062"(
                name: concat(
                  user(touser(fv!item.user), "firstName"),
                  char(32),
                  user(touser(fv!item.user), "lastName")
                ),
                body: fv!item.message,
                isSender: touser(fv!item.user) = loggedInUser()
              )
            ),
            #"SYSTEM_SYSRULES_sideBySideLayout"(
              items: {
                #"SYSTEM_SYSRULES_sideBySideItem"(
                  /*message to send*/
                  item: #"SYSTEM_SYSRULES_textField"(
                    labelPosition: "ABOVE",
                    value: local!sendMessage.message,
                    saveInto: local!sendMessage.message,
                    refreshAfter: "KEYPRESS"
                  )
                ),
                #"SYSTEM_SYSRULES_sideBySideItem"(
                  /*button send*/
                  item: #"SYSTEM_SYSRULES_ButtonArrayLayout"(
                    buttons: {
                      #"SYSTEM_SYSRULES_ButtonWidget"(
                        disabled: a!isNullOrEmpty(local!sendMessage.message),
                        label: "▷",
                        width: "MINIMIZE",
                        style: "PRIMARY",
                        saveInto: #"SYSTEM_SYSRULES_startProcess"(
                          processModel: #"_a-0000e961-e3c5-8000-9be9-011c48011c48_3636744",
                          processParameters: {
                            messageToSave: local!sendMessage,
                            issueToUpdate: #"urn:appian:function:v1:a:update"(ri!JA_issue, "Updated", now())
                          },
                          onSuccess: {
                            a!save(ri!success, now()),
                            a!save(local!sendMessage.message, null)
                          },
                          onError: a!save(
                            ri!nextInterface,
                            #"_a-0000e961-e3c5-8000-9be9-011c48011c48_3622849"[3]
                          )
                        )
                      )
                    },
                    align: "END",
                    marginAbove: "EVEN_LESS",
                    marginBelow: "NONE"
                  ),
                  width: "MINIMIZE"
                )
              }
            )
          },
          height: "AUTO",
          style: "#f3f3f3",
          marginBelow: "STANDARD"
        )
      }
    )
  }
)</definition>
        <namedTypedValue>
            <name>JA_issue</name>
            <type>
                <name>JA_issue</name>
                <namespace>urn:com:appian:types:IP</namespace>
            </type>
        </namedTypedValue>
        <namedTypedValue>
            <name>nextInterface</name>
            <type>
                <name>string</name>
                <namespace>http://www.w3.org/2001/XMLSchema</namespace>
            </type>
            <value/>
        </namedTypedValue>
        <namedTypedValue>
            <name>numberMessages</name>
            <type>
                <name>int</name>
                <namespace>http://www.w3.org/2001/XMLSchema</namespace>
            </type>
        </namedTypedValue>
        <namedTypedValue>
            <name>success</name>
            <type>
                <name>time</name>
                <namespace>http://www.w3.org/2001/XMLSchema</namespace>
            </type>
        </namedTypedValue>
        <preferredEditor>interface</preferredEditor>
        <offlineEnabled>false</offlineEnabled>
        <isCustom>false</isCustom>
    </interface>
    <roleMap public="true">
        <role inherit="true" allowForAll="false" name="readers">
            <users/>
            <groups/>
        </role>
        <role inherit="true" allowForAll="false" name="authors">
            <users/>
            <groups/>
        </role>
        <role inherit="true" allowForAll="false" name="administrators">
            <users/>
            <groups/>
        </role>
        <role inherit="false" allowForAll="false" name="denyReaders">
            <users/>
            <groups/>
        </role>
        <role inherit="false" allowForAll="false" name="denyAuthors">
            <users/>
            <groups/>
        </role>
        <role inherit="false" allowForAll="false" name="denyAdministrators">
            <users/>
            <groups/>
        </role>
    </roleMap>
    <typedValue>
        <type>
            <name>RuleTestConfig?list</name>
            <namespace>http://www.appian.com/ae/types/2009</namespace>
        </type>
        <value>
            <el>
                <a:name/>
                <a:ruleInputTestConfigs>
                    <a:value xmlns:xsi="http://www.w3.org/2001/XMLSchema-instance" xsi:type="a:Expression">#"_a-0000e961-e3c5-8000-9be9-011c48011c48_3622380"(
 id: 49
)</a:value>
                    <a:nameRef>JA_issue</a:nameRef>
                    <a:id>1</a:id>
                </a:ruleInputTestConfigs>
                <a:ruleInputTestConfigs>
                    <a:value xmlns:xsd="http://www.w3.org/2001/XMLSchema" xmlns:xsi="http://www.w3.org/2001/XMLSchema-instance" xsi:type="xsd:string"/>
                    <a:nameRef>nextInterface</a:nameRef>
                    <a:id>2</a:id>
                </a:ruleInputTestConfigs>
                <a:ruleInputTestConfigs>
                    <a:value xmlns:xsd="http://www.w3.org/2001/XMLSchema" xmlns:xsi="http://www.w3.org/2001/XMLSchema-instance" xsi:type="xsd:int">5</a:value>
                    <a:nameRef>numberMessages</a:nameRef>
                    <a:id>3</a:id>
                </a:ruleInputTestConfigs>
                <a:ruleInputTestConfigs>
                    <a:value xmlns:xsd="http://www.w3.org/2001/XMLSchema" xmlns:xsi="http://www.w3.org/2001/XMLSchema-instance" xsi:nil="true" xsi:type="xsd:time"/>
                    <a:nameRef>success</a:nameRef>
                    <a:id>4</a:id>
                </a:ruleInputTestConfigs>
                <a:assertions xmlns:xsi="http://www.w3.org/2001/XMLSchema-instance" xsi:nil="true"/>
            </el>
        </value>
    </typedValue>
    <history>
        <historyInfo versionUuid="_a-0000e961-e3c5-8000-9be9-011c48011c48_3672033"/>
        <historyInfo versionUuid="_a-0001ea40-64f1-8000-9bf3-011c48011c48_4516523"/>
    </history>
</contentHaul>
