<?xml version="1.0" encoding="UTF-8" standalone="yes"?>
<contentHaul xmlns:a="http://www.appian.com/ae/types/2009">
    <versionUuid>_a-0000e961-e3c5-8000-9be9-011c48011c48_3670974</versionUuid>
    <constant>
        <name>JA_NAVIGATION_INTERFACES</name>
        <uuid>_a-0000e961-e3c5-8000-9be9-011c48011c48_3622849</uuid>
        <description>All the navigation interfaces. [1] JA_GridView, [2] JA_IssueDetails, [3] JA_ErrorInterface, [4] 
JA_ReportInterface, [5] JA_AddOrUpdateIssue, [6] JA_successAndDetailNavigate</description>
        <parentUuid>_a-0000e961-e3c5-8000-9be9-011c48011c48_3605536</parentUuid>
        <visibility>
            <advertise>false</advertise>
            <hierarchy>true</hierarchy>
            <indexable>true</indexable>
            <quota>false</quota>
            <searchable>true</searchable>
            <system>false</system>
            <unlogged>false</unlogged>
        </visibility>
        <typedValue>
            <type>
                <name>Text?list</name>
                <namespace>http://www.appian.com/ae/types/2009</namespace>
            </type>
            <value>
                <el>JA_GridView</el>
                <el>JA_IssueDetails</el>
                <el>JA_ErrorInterface</el>
                <el>JA_ReportInterface</el>
                <el>JA_AddOrUpdateIssue</el>
                <el>JA_successAndDetailNavigate</el>
            </value>
        </typedValue>
        <isEnvironmentSpecific>false</isEnvironmentSpecific>
    </constant>
    <roleMap public="true">
        <role inherit="true" allowForAll="false" name="readers">
            <users/>
            <groups/>
        </role>
        <role inherit="true" allowForAll="false" name="authors">
            <users/>
            <groups/>
        </role>
        <role inherit="true" allowForAll="false" name="administrators">
            <users/>
            <groups/>
        </role>
        <role inherit="false" allowForAll="false" name="denyReaders">
            <users/>
            <groups/>
        </role>
        <role inherit="false" allowForAll="false" name="denyAuthors">
            <users/>
            <groups/>
        </role>
        <role inherit="false" allowForAll="false" name="denyAdministrators">
            <users/>
            <groups/>
        </role>
    </roleMap>
    <history>
        <historyInfo versionUuid="_a-0000e961-e3c5-8000-9be9-011c48011c48_3670974"/>
    </history>
</contentHaul>
