<?xml version="1.0" encoding="UTF-8" standalone="yes"?>
<contentHaul xmlns:a="http://www.appian.com/ae/types/2009">
    <versionUuid>_a-0001ea40-64f1-8000-9bf3-011c48011c48_4485696</versionUuid>
    <constant>
        <name>JA_GROUP_ASIGNED</name>
        <uuid>_a-0000e961-e3c5-8000-9be9-011c48011c48_3621908</uuid>
        <description>Group of all users in the app</description>
        <parentUuid>_a-0000e961-e3c5-8000-9be9-011c48011c48_3605536</parentUuid>
        <visibility>
            <advertise>false</advertise>
            <hierarchy>true</hierarchy>
            <indexable>true</indexable>
            <quota>false</quota>
            <searchable>true</searchable>
            <system>false</system>
            <unlogged>false</unlogged>
        </visibility>
        <typedValue>
            <type>
                <name>UserOrGroup</name>
                <namespace>http://www.appian.com/ae/types/2009</namespace>
            </type>
            <value>
                <type>5</type>
                <value>_e-0000e961-e3c5-8000-9b36-01075c01075c_11265</value>
            </value>
        </typedValue>
        <isEnvironmentSpecific>false</isEnvironmentSpecific>
    </constant>
    <roleMap public="true">
        <role inherit="true" allowForAll="false" name="readers">
            <users/>
            <groups/>
        </role>
        <role inherit="true" allowForAll="false" name="authors">
            <users/>
            <groups/>
        </role>
        <role inherit="true" allowForAll="false" name="administrators">
            <users/>
            <groups/>
        </role>
        <role inherit="false" allowForAll="false" name="denyReaders">
            <users/>
            <groups/>
        </role>
        <role inherit="false" allowForAll="false" name="denyAuthors">
            <users/>
            <groups/>
        </role>
        <role inherit="false" allowForAll="false" name="denyAdministrators">
            <users/>
            <groups/>
        </role>
    </roleMap>
    <history>
        <historyInfo versionUuid="_a-0000e961-e3c5-8000-9be9-011c48011c48_3621914"/>
        <historyInfo versionUuid="_a-0001ea40-64f1-8000-9bf3-011c48011c48_4485696"/>
    </history>
</contentHaul>
