<?xml version="1.0" encoding="UTF-8" standalone="yes"?>
<contentHaul xmlns:a="http://www.appian.com/ae/types/2009">
    <versionUuid>_a-0001ea40-64f1-8000-9bf3-011c48011c48_4508086</versionUuid>
    <rule>
        <name>JA_GetIssue</name>
        <uuid>_a-0000e961-e3c5-8000-9be9-011c48011c48_3622380</uuid>
        <description>Get Issue by any field</description>
        <parentUuid>_a-0000e961-e3c5-8000-9be9-011c48011c48_3605530</parentUuid>
        <visibility>
            <advertise>false</advertise>
            <hierarchy>true</hierarchy>
            <indexable>true</indexable>
            <quota>false</quota>
            <searchable>true</searchable>
            <system>false</system>
            <unlogged>false</unlogged>
        </visibility>
        <definition>cast(
  'type!{urn:com:appian:types:IP}JA_issue?list',
  #"SYSTEM_SYSRULES_queryEntity_v2"(
    entity: #"_a-0000e961-e3c5-8000-9be9-011c48011c48_3605635",
    query: #"SYSTEM_SYSRULES_query"(
      logicalExpression: #"SYSTEM_SYSRULES_queryLogicalExpression"(
        operator: "AND",
        filters: {
          #"SYSTEM_SYSRULES_queryFilter"(
            field: "IssueName",
            operator: "includes",
            value: ri!name
          ),
          #"SYSTEM_SYSRULES_queryFilter"(
            field: "Issueid",
            operator: "in",
            value: ri!id,
            applyWhen: a!isNotNullOrEmpty(index(ri!id,1,null))
          ),
          #"SYSTEM_SYSRULES_queryFilter"(
            field: "Resolution",
            operator: "=",
            value: ri!resolution
          ),
          #"SYSTEM_SYSRULES_queryFilter"(
            field: "Assignee",
            operator: "=",
            value: ri!asignee
          ),
          #"SYSTEM_SYSRULES_queryFilter"(
            field: "Reporter",
            operator: "=",
            value: ri!reporter
          ),
          #"SYSTEM_SYSRULES_queryFilter"(
            field: "Priority",
            operator: "=",
            value: ri!priority
          ),
          #"SYSTEM_SYSRULES_queryFilter"(
            field: "Created",
            operator: "between",
            value: if(
              a!isNotNullOrEmpty(ri!created),
              {
                a!subtractDateTime(
                  startDateTime: todatetime(concat(ri!created, " 00:00 AM")),
                  hours: 24
                ),
                todatetime(concat(ri!created, " 10:59 PM"))
              },
              null
            )
          ),
          #"SYSTEM_SYSRULES_queryFilter"(
            field: "Updated",
            operator: "between",
            value: if(
              a!isNotNullOrEmpty(ri!updated),
              {
                a!subtractDateTime(
                  startDateTime: todatetime(concat(ri!updated, " 00:00 AM")),
                  hours: 24
                ),
                todatetime(concat(ri!updated, " 10:59 PM"))
              },
              null
            )
          ),
          #"SYSTEM_SYSRULES_queryFilter"(
            field: "Duedate",
            operator: "=",
            value: ri!duedate
          ),
          #"SYSTEM_SYSRULES_queryFilter"(
            field: "IssueType",
            operator: "=",
            value: ri!type
          )
        },
        ignoreFiltersWithEmptyValues: true
      ),
      pagingInfo: #"SYSTEM_SYSRULES_pagingInfo"(
        startIndex: 1,
        batchSize: -1,
        sort: #"SYSTEM_SYSRULES_sortInfo"(field: "Issueid", ascending: false)
      )
    ),
    fetchTotalCount: false
  ).data
)</definition>
        <namedTypedValue>
            <name>name</name>
            <type>
                <name>string</name>
                <namespace>http://www.w3.org/2001/XMLSchema</namespace>
            </type>
            <value/>
        </namedTypedValue>
        <namedTypedValue>
            <name>id</name>
            <type>
                <name>Integer?list</name>
                <namespace>http://www.appian.com/ae/types/2009</namespace>
            </type>
        </namedTypedValue>
        <namedTypedValue>
            <name>resolution</name>
            <type>
                <name>boolean</name>
                <namespace>http://www.w3.org/2001/XMLSchema</namespace>
            </type>
        </namedTypedValue>
        <namedTypedValue>
            <name>asignee</name>
            <type>
                <name>User</name>
                <namespace>http://www.appian.com/ae/types/2009</namespace>
            </type>
        </namedTypedValue>
        <namedTypedValue>
            <name>reporter</name>
            <type>
                <name>User</name>
                <namespace>http://www.appian.com/ae/types/2009</namespace>
            </type>
        </namedTypedValue>
        <namedTypedValue>
            <name>priority</name>
            <type>
                <name>string</name>
                <namespace>http://www.w3.org/2001/XMLSchema</namespace>
            </type>
            <value/>
        </namedTypedValue>
        <namedTypedValue>
            <name>created</name>
            <type>
                <name>date</name>
                <namespace>http://www.w3.org/2001/XMLSchema</namespace>
            </type>
        </namedTypedValue>
        <namedTypedValue>
            <name>updated</name>
            <type>
                <name>date</name>
                <namespace>http://www.w3.org/2001/XMLSchema</namespace>
            </type>
        </namedTypedValue>
        <namedTypedValue>
            <name>duedate</name>
            <type>
                <name>date</name>
                <namespace>http://www.w3.org/2001/XMLSchema</namespace>
            </type>
        </namedTypedValue>
        <namedTypedValue>
            <name>type</name>
            <type>
                <name>string</name>
                <namespace>http://www.w3.org/2001/XMLSchema</namespace>
            </type>
            <value/>
        </namedTypedValue>
        <preferredEditor>legacy</preferredEditor>
        <offlineEnabled>false</offlineEnabled>
    </rule>
    <roleMap public="true">
        <role inherit="true" allowForAll="false" name="readers">
            <users/>
            <groups/>
        </role>
        <role inherit="true" allowForAll="false" name="authors">
            <users/>
            <groups/>
        </role>
        <role inherit="true" allowForAll="false" name="administrators">
            <users/>
            <groups/>
        </role>
        <role inherit="false" allowForAll="false" name="denyReaders">
            <users/>
            <groups/>
        </role>
        <role inherit="false" allowForAll="false" name="denyAuthors">
            <users/>
            <groups/>
        </role>
        <role inherit="false" allowForAll="false" name="denyAdministrators">
            <users/>
            <groups/>
        </role>
    </roleMap>
    <typedValue>
        <type>
            <name>RuleTestConfig?list</name>
            <namespace>http://www.appian.com/ae/types/2009</namespace>
        </type>
        <value>
            <el>
                <a:name>case base</a:name>
                <a:ruleInputTestConfigs>
                    <a:value xmlns:xsd="http://www.w3.org/2001/XMLSchema" xmlns:xsi="http://www.w3.org/2001/XMLSchema-instance" xsi:type="xsd:string"/>
                    <a:nameRef>name</a:nameRef>
                    <a:id>1</a:id>
                </a:ruleInputTestConfigs>
                <a:ruleInputTestConfigs>
                    <a:value xmlns:xsd="http://www.w3.org/2001/XMLSchema" xmlns:xsi="http://www.w3.org/2001/XMLSchema-instance" xsi:type="xsd:int">12</a:value>
                    <a:nameRef>id</a:nameRef>
                    <a:id>2</a:id>
                </a:ruleInputTestConfigs>
                <a:ruleInputTestConfigs>
                    <a:value xmlns:xsd="http://www.w3.org/2001/XMLSchema" xmlns:xsi="http://www.w3.org/2001/XMLSchema-instance" xsi:nil="true" xsi:type="xsd:boolean"/>
                    <a:nameRef>resolution</a:nameRef>
                    <a:id>3</a:id>
                </a:ruleInputTestConfigs>
                <a:ruleInputTestConfigs>
                    <a:value xmlns:xsi="http://www.w3.org/2001/XMLSchema-instance" xsi:nil="true" xsi:type="a:User"/>
                    <a:nameRef>asignee</a:nameRef>
                    <a:id>4</a:id>
                </a:ruleInputTestConfigs>
                <a:ruleInputTestConfigs>
                    <a:value xmlns:xsi="http://www.w3.org/2001/XMLSchema-instance" xsi:nil="true" xsi:type="a:User"/>
                    <a:nameRef>reporter</a:nameRef>
                    <a:id>5</a:id>
                </a:ruleInputTestConfigs>
                <a:ruleInputTestConfigs>
                    <a:value xmlns:xsd="http://www.w3.org/2001/XMLSchema" xmlns:xsi="http://www.w3.org/2001/XMLSchema-instance" xsi:type="xsd:string"/>
                    <a:nameRef>priority</a:nameRef>
                    <a:id>6</a:id>
                </a:ruleInputTestConfigs>
                <a:ruleInputTestConfigs>
                    <a:value xmlns:xsd="http://www.w3.org/2001/XMLSchema" xmlns:xsi="http://www.w3.org/2001/XMLSchema-instance" xsi:nil="true" xsi:type="xsd:date"/>
                    <a:nameRef>created</a:nameRef>
                    <a:id>7</a:id>
                </a:ruleInputTestConfigs>
                <a:ruleInputTestConfigs>
                    <a:value xmlns:xsd="http://www.w3.org/2001/XMLSchema" xmlns:xsi="http://www.w3.org/2001/XMLSchema-instance" xsi:nil="true" xsi:type="xsd:date"/>
                    <a:nameRef>updated</a:nameRef>
                    <a:id>8</a:id>
                </a:ruleInputTestConfigs>
                <a:ruleInputTestConfigs>
                    <a:value xmlns:xsd="http://www.w3.org/2001/XMLSchema" xmlns:xsi="http://www.w3.org/2001/XMLSchema-instance" xsi:nil="true" xsi:type="xsd:date"/>
                    <a:nameRef>duedate</a:nameRef>
                    <a:id>9</a:id>
                </a:ruleInputTestConfigs>
                <a:ruleInputTestConfigs>
                    <a:value xmlns:xsd="http://www.w3.org/2001/XMLSchema" xmlns:xsi="http://www.w3.org/2001/XMLSchema-instance" xsi:type="xsd:string"/>
                    <a:nameRef>type</a:nameRef>
                    <a:id>10</a:id>
                </a:ruleInputTestConfigs>
                <a:assertions xmlns:xsi="http://www.w3.org/2001/XMLSchema-instance" xsi:nil="true"/>
            </el>
        </value>
    </typedValue>
    <history>
        <historyInfo versionUuid="_a-0000e9d9-6375-8000-9bed-011c48011c48_3725468"/>
        <historyInfo versionUuid="_a-0001ea40-64f1-8000-9bf3-011c48011c48_4508086"/>
    </history>
</contentHaul>
