<?xml version="1.0" encoding="UTF-8" standalone="yes"?>
<applicationHaul xmlns:a="http://www.appian.com/ae/types/2009">
    <versionUuid>_a-0001ea40-64f1-8000-9bf3-011c48011c48_4517928</versionUuid>
    <application>
        <name>JA Plataforma de Gestión de Tareas</name>
        <uuid>05be04f1-a699-429a-b9c5-298cb45b97b8</uuid>
        <description>Plataforma de Gestión de Tareas en Appian</description>
        <parentUuid>SYSTEM_APPLICATIONS_ROOT</parentUuid>
        <visibility>
            <advertise>false</advertise>
            <hierarchy>true</hierarchy>
            <indexable>true</indexable>
            <quota>false</quota>
            <searchable>true</searchable>
            <system>false</system>
            <unlogged>false</unlogged>
        </visibility>
        <urlIdentifier>-kQMvA</urlIdentifier>
        <published>false</published>
        <public>false</public>
        <prefix>JA</prefix>
        <associatedObjects>
            <globalIdMap>
                <item>
                    <type>datatype</type>
                    <uuids>
                        <uuid>{urn:com:appian:types:IP}JA_issue</uuid>
                        <uuid>{urn:com:appian:types:JA}JA_Chat</uuid>
                        <uuid>{urn:com:appian:types:JA}JA_deletedIssues</uuid>
                    </uuids>
                </item>
                <item>
                    <type>dataStore</type>
                    <uuids>
                        <uuid>_a-0000e961-e3c5-8000-9be9-011c48011c48_3605479</uuid>
                    </uuids>
                </item>
                <item>
                    <type>user</type>
                    <uuids/>
                </item>
                <item>
                    <type>groupType</type>
                    <uuids/>
                </item>
                <item>
                    <type>group</type>
                    <uuids>
                        <uuid>04cea89a-2cab-4faa-9c63-e80759e50865</uuid>
                        <uuid>95e56ef1-8b8d-474a-9f7e-07bb686597af</uuid>
                        <uuid>_e-0000e961-e3c5-8000-9b36-01075c01075c_11265</uuid>
                        <uuid>_e-0000e961-e3c5-8000-9b36-01075c01075c_11294</uuid>
                        <uuid>_e-0000ea40-6415-8000-9b41-01075c01075c_13835</uuid>
                    </uuids>
                </item>
                <item>
                    <type>content</type>
                    <uuids>
                        <uuid>3a1584e8-a1ac-426e-91a9-bf01bcdd0625</uuid>
                        <uuid>9a4d224a-78ec-4e17-b685-252591f1b9cc</uuid>
                        <uuid>f7109d13-bae1-4116-bcd8-a79d7d508462</uuid>
                        <uuid>79a6a55f-1816-49cd-846c-455f4a4668b3</uuid>
                        <uuid>_a-0000e961-e3c5-8000-9be9-011c48011c48_3605505</uuid>
                        <uuid>_a-0000e961-e3c5-8000-9be9-011c48011c48_3605530</uuid>
                        <uuid>_a-0000e961-e3c5-8000-9be9-011c48011c48_3605536</uuid>
                        <uuid>_a-0000e961-e3c5-8000-9be9-011c48011c48_3605549</uuid>
                        <uuid>_a-0000e961-e3c5-8000-9be9-011c48011c48_3605635</uuid>
                        <uuid>_a-0000e961-e3c5-8000-9be9-011c48011c48_3605673</uuid>
                        <uuid>_a-0000e961-e3c5-8000-9be9-011c48011c48_3621818</uuid>
                        <uuid>_a-0000e961-e3c5-8000-9be9-011c48011c48_3621825</uuid>
                        <uuid>_a-0000e961-e3c5-8000-9be9-011c48011c48_3621831</uuid>
                        <uuid>_a-0000e961-e3c5-8000-9be9-011c48011c48_3621866</uuid>
                        <uuid>_a-0000e961-e3c5-8000-9be9-011c48011c48_3621908</uuid>
                        <uuid>_a-0000e961-e3c5-8000-9be9-011c48011c48_3621986</uuid>
                        <uuid>_a-0000e961-e3c5-8000-9be9-011c48011c48_3622380</uuid>
                        <uuid>_a-0000e961-e3c5-8000-9be9-011c48011c48_3622469</uuid>
                        <uuid>_a-0000e961-e3c5-8000-9be9-011c48011c48_3622776</uuid>
                        <uuid>_a-0000e961-e3c5-8000-9be9-011c48011c48_3622836</uuid>
                        <uuid>_a-0000e961-e3c5-8000-9be9-011c48011c48_3622849</uuid>
                        <uuid>_a-0000e961-e3c5-8000-9be9-011c48011c48_3623752</uuid>
                        <uuid>_a-0000e961-e3c5-8000-9be9-011c48011c48_3624124</uuid>
                        <uuid>_a-0000e961-e3c5-8000-9be9-011c48011c48_3624689</uuid>
                        <uuid>a4396c2d-a578-42dd-bd45-c7d9d80e79e0</uuid>
                        <uuid>_a-0000e961-e3c5-8000-9be9-011c48011c48_3625027</uuid>
                        <uuid>14ea7cc5-0122-4938-aa44-7147834f2f66</uuid>
                        <uuid>_a-0000e961-e3c5-8000-9be9-011c48011c48_3634424</uuid>
                        <uuid>_a-0000e961-e3c5-8000-9be9-011c48011c48_3634674</uuid>
                        <uuid>_a-0000e961-e3c5-8000-9be9-011c48011c48_3634775</uuid>
                        <uuid>_a-0000e961-e3c5-8000-9be9-011c48011c48_3634793</uuid>
                        <uuid>_a-0000e961-e3c5-8000-9be9-011c48011c48_3634799</uuid>
                        <uuid>_a-0000e961-e3c5-8000-9be9-011c48011c48_3636062</uuid>
                        <uuid>_a-0000e961-e3c5-8000-9be9-011c48011c48_3636074</uuid>
                        <uuid>_a-0000e961-e3c5-8000-9be9-011c48011c48_3636257</uuid>
                        <uuid>_a-0000e961-e3c5-8000-9be9-011c48011c48_3636529</uuid>
                        <uuid>_a-0000e961-e3c5-8000-9be9-011c48011c48_3636744</uuid>
                        <uuid>_a-0000e961-e3c5-8000-9be9-011c48011c48_3638504</uuid>
                        <uuid>_a-0000e961-e3c5-8000-9be9-011c48011c48_3638791</uuid>
                        <uuid>_a-0000e961-e3c5-8000-9be9-011c48011c48_3644164</uuid>
                        <uuid>_a-0000e961-e3c5-8000-9be9-011c48011c48_3670552</uuid>
                        <uuid>_a-0000e961-e3c5-8000-9be9-011c48011c48_3670892</uuid>
                        <uuid>_a-0000e961-e3c5-8000-9be9-011c48011c48_3670952</uuid>
                        <uuid>_a-0000e961-e3c5-8000-9be9-011c48011c48_3674345</uuid>
                        <uuid>bcd5544b-b747-4938-9b54-75ee29022a4f</uuid>
                        <uuid>_a-0000e9d9-6375-8000-9bed-011c48011c48_3725432</uuid>
                        <uuid>7a0597be-982a-4027-a683-3c4064ce9b79</uuid>
                        <uuid>_a-0000e9d9-6375-8000-9bed-011c48011c48_3725601</uuid>
                        <uuid>_a-0000e9d9-6375-8000-9bed-011c48011c48_3725615</uuid>
                        <uuid>_a-0000e9d9-6375-8000-9bed-011c48011c48_3725871</uuid>
                        <uuid>_a-0001ea40-64f1-8000-9bf3-011c48011c48_4432344</uuid>
                        <uuid>_a-0001ea40-64f1-8000-9bf3-011c48011c48_4432540</uuid>
                        <uuid>_a-0001ea40-64f1-8000-9bf3-011c48011c48_4447992</uuid>
                        <uuid>_a-0001ea40-64f1-8000-9bf3-011c48011c48_4458478</uuid>
                        <uuid>_a-0001ea40-64f1-8000-9bf3-011c48011c48_4458512</uuid>
                        <uuid>_a-0001ea40-64f1-8000-9bf3-011c48011c48_4485740</uuid>
                        <uuid>_a-0001ea40-64f1-8000-9bf3-011c48011c48_4492264</uuid>
                        <uuid>_a-0001ea40-64f1-8000-9bf3-011c48011c48_4492666</uuid>
                        <uuid>_a-0001ea40-64f1-8000-9bf3-011c48011c48_4516531</uuid>
                        <uuid>_a-0001ea40-64f1-8000-9bf3-011c48011c48_4516537</uuid>
                    </uuids>
                </item>
                <item>
                    <type>forum</type>
                    <uuids/>
                </item>
                <item>
                    <type>processModelFolder</type>
                    <uuids>
                        <uuid>5cca0e08-b6f1-40f8-ad40-9ed3afaa9e9d</uuid>
                    </uuids>
                </item>
                <item>
                    <type>processModel</type>
                    <uuids>
                        <uuid>000ae96a-4482-8000-0148-7f0000014e7a</uuid>
                        <uuid>0002e987-b4f7-8000-052d-7f0000014e7a</uuid>
                        <uuid>0002e98e-2501-8000-06c3-7f0000014e7a</uuid>
                        <uuid>0003e9a9-cde0-8000-0990-7f0000014e7a</uuid>
                        <uuid>0002e9db-acd1-8000-119a-7f0000014e7a</uuid>
                        <uuid>0003e9db-adf2-8000-11a1-7f0000014e7a</uuid>
                        <uuid>0002ea87-5d0e-8000-4737-7f0000014e7a</uuid>
                    </uuids>
                </item>
                <item>
                    <type>portlet</type>
                    <uuids/>
                </item>
                <item>
                    <type>page</type>
                    <uuids/>
                </item>
                <item>
                    <type>application</type>
                    <uuids/>
                </item>
                <item>
                    <type>tempoFeed</type>
                    <uuids/>
                </item>
                <item>
                    <type>recordType</type>
                    <uuids>
                        <uuid>f312bb20-e112-4c35-973a-97fa598c1661</uuid>
                        <uuid>1a5907e3-bb8e-4bb8-a270-bfe0acc57137</uuid>
                    </uuids>
                </item>
                <item>
                    <type>recordField</type>
                    <uuids/>
                </item>
                <item>
                    <type>recordRelationship</type>
                    <uuids/>
                </item>
                <item>
                    <type>tempoReport</type>
                    <uuids/>
                </item>
                <item>
                    <type>taskReport</type>
                    <uuids/>
                </item>
                <item>
                    <type>webApi</type>
                    <uuids/>
                </item>
                <item>
                    <type>site</type>
                    <uuids>
                        <uuid>755c6890-a38b-41f6-9467-b200e040171a</uuid>
                    </uuids>
                </item>
                <item>
                    <type>adminSetting</type>
                    <uuids/>
                </item>
                <item>
                    <type>thirdPartyCredentials</type>
                    <uuids/>
                </item>
                <item>
                    <type>dataSource</type>
                    <uuids/>
                </item>
                <item>
                    <type>embeddedSailTheme</type>
                    <uuids/>
                </item>
                <item>
                    <type>connectedSystem</type>
                    <uuids>
                        <uuid>_a-0000e9d9-6375-8000-9bed-011c48011c48_3725419</uuid>
                    </uuids>
                </item>
                <item>
                    <type>pluginInfo</type>
                    <uuids/>
                </item>
                <item>
                    <type>featureFlag</type>
                    <uuids/>
                </item>
                <item>
                    <type>designObjectReferenceImplementation</type>
                    <uuids/>
                </item>
                <item>
                    <type>aiSkill</type>
                    <uuids/>
                </item>
                <item>
                    <type>roboticTaskDesignObject</type>
                    <uuids/>
                </item>
                <item>
                    <type>robotPoolDesignObject</type>
                    <uuids/>
                </item>
                <item>
                    <type>portal</type>
                    <uuids/>
                </item>
                <item>
                    <type>translationSetDesignObject</type>
                    <uuids/>
                </item>
            </globalIdMap>
        </associatedObjects>
        <applicationNavigation/>
        <applicationActions/>
        <associatedApplications>
            <globalIdMap>
                <item>
                    <type>datatype</type>
                    <uuids/>
                </item>
                <item>
                    <type>dataStore</type>
                    <uuids/>
                </item>
                <item>
                    <type>user</type>
                    <uuids/>
                </item>
                <item>
                    <type>groupType</type>
                    <uuids/>
                </item>
                <item>
                    <type>group</type>
                    <uuids/>
                </item>
                <item>
                    <type>content</type>
                    <uuids/>
                </item>
                <item>
                    <type>forum</type>
                    <uuids/>
                </item>
                <item>
                    <type>processModelFolder</type>
                    <uuids/>
                </item>
                <item>
                    <type>processModel</type>
                    <uuids/>
                </item>
                <item>
                    <type>portlet</type>
                    <uuids/>
                </item>
                <item>
                    <type>page</type>
                    <uuids/>
                </item>
                <item>
                    <type>application</type>
                    <uuids/>
                </item>
                <item>
                    <type>tempoFeed</type>
                    <uuids/>
                </item>
                <item>
                    <type>recordType</type>
                    <uuids/>
                </item>
                <item>
                    <type>recordField</type>
                    <uuids/>
                </item>
                <item>
                    <type>recordRelationship</type>
                    <uuids/>
                </item>
                <item>
                    <type>tempoReport</type>
                    <uuids/>
                </item>
                <item>
                    <type>taskReport</type>
                    <uuids/>
                </item>
                <item>
                    <type>webApi</type>
                    <uuids/>
                </item>
                <item>
                    <type>site</type>
                    <uuids/>
                </item>
                <item>
                    <type>adminSetting</type>
                    <uuids/>
                </item>
                <item>
                    <type>thirdPartyCredentials</type>
                    <uuids/>
                </item>
                <item>
                    <type>dataSource</type>
                    <uuids/>
                </item>
                <item>
                    <type>embeddedSailTheme</type>
                    <uuids/>
                </item>
                <item>
                    <type>connectedSystem</type>
                    <uuids/>
                </item>
                <item>
                    <type>pluginInfo</type>
                    <uuids/>
                </item>
                <item>
                    <type>featureFlag</type>
                    <uuids/>
                </item>
                <item>
                    <type>designObjectReferenceImplementation</type>
                    <uuids/>
                </item>
                <item>
                    <type>aiSkill</type>
                    <uuids/>
                </item>
                <item>
                    <type>roboticTaskDesignObject</type>
                    <uuids/>
                </item>
                <item>
                    <type>robotPoolDesignObject</type>
                    <uuids/>
                </item>
                <item>
                    <type>portal</type>
                    <uuids/>
                </item>
                <item>
                    <type>translationSetDesignObject</type>
                    <uuids/>
                </item>
            </globalIdMap>
        </associatedApplications>
    </application>
    <roleMap>
        <contentRoleMap public="true">
            <role inherit="false" allowForAll="false" name="readers">
                <users/>
                <groups>
                    <groupUuid>95e56ef1-8b8d-474a-9f7e-07bb686597af</groupUuid>
                </groups>
            </role>
            <role inherit="false" allowForAll="false" name="authors">
                <users/>
                <groups/>
            </role>
            <role inherit="false" allowForAll="false" name="administrators">
                <users/>
                <groups>
                    <groupUuid>04cea89a-2cab-4faa-9c63-e80759e50865</groupUuid>
                </groups>
            </role>
            <role inherit="false" allowForAll="false" name="denyReaders">
                <users/>
                <groups/>
            </role>
            <role inherit="false" allowForAll="false" name="denyAuthors">
                <users/>
                <groups/>
            </role>
            <role inherit="false" allowForAll="false" name="denyAdministrators">
                <users/>
                <groups/>
            </role>
        </contentRoleMap>
    </roleMap>
    <defaultApplicationObjects>
        <object>
            <objectKey>defaultAdminsGroup</objectKey>
            <objectType>group</objectType>
            <objectUuid>04cea89a-2cab-4faa-9c63-e80759e50865</objectUuid>
        </object>
        <object>
            <objectKey>defaultUsersGroup</objectKey>
            <objectType>group</objectType>
            <objectUuid>95e56ef1-8b8d-474a-9f7e-07bb686597af</objectUuid>
        </object>
    </defaultApplicationObjects>
    <applicationDocumentation/>
    <history>
        <historyInfo versionUuid="05be04f1-a699-429a-b9c5-298cb45b97b8"/>
        <historyInfo versionUuid="_a-0001ea40-64f1-8000-9bf3-011c48011c48_4517928"/>
    </history>
    <postDeploymentProcessData/>
</applicationHaul>
